Type,Size,Cores,Points,Time,Pi
strong,big,4,60000000000,193.604845,3.1415875007
