Type,Size,Cores,Points,Time,Pi
strong,big,1,60000000000,773.993852,3.1415873081
