Type,Size,Cores,Points,Time,Pi
strong,big,7,60000000000,110.829955,3.1415875045
