Type,Size,Cores,Points,Time,Pi
strong,big,9,60000000000,91.293558,3.1415878607
