Type,Size,Cores,Points,Time,Pi
strong,big,4,60000000000,193.572310,3.1415877106
