Type,Size,Cores,Points,Time,Pi
strong,big,7,60000000000,111.135950,3.1415877841
