Type,Size,Cores,Points,Time,Pi
strong,big,4,60000000000,193.441008,3.1415878254
