Type,Size,Cores,Points,Time,Pi
strong,big,6,60000000000,132.701099,3.1415876139
