Type,Size,Cores,Points,Time,Pi
strong,big,3,60000000000,258.125818,3.1415877373
