Type,Size,Cores,Points,Time,Pi
strong,big,2,60000000000,386.876087,3.1415876574
