Type,Size,Cores,Points,Time,Pi
strong,big,9,60000000000,86.116639,3.1415876647
