Type,Size,Cores,Points,Time,Pi
strong,big,6,60000000000,129.554796,3.1415875232
