Type,Size,Cores,Points,Time,Pi
strong,big,5,60000000000,154.943866,3.1415878674
