Type,Size,Cores,Points,Time,Pi
strong,big,3,60000000000,258.093512,3.1415876922
