Type,Size,Cores,Points,Time,Pi
strong,big,4,60000000000,194.652525,3.1415877917
