Type,Size,Cores,Points,Time,Pi
strong,big,10,60000000000,80.504885,3.1415882227
