Type,Size,Cores,Points,Time,Pi
strong,big,1,60000000000,773.995139,3.1415872616
