Type,Size,Cores,Points,Time,Pi
strong,big,1,60000000000,771.406616,3.1415871893
