Type,Size,Cores,Points,Time,Pi
strong,big,2,60000000000,387.276144,3.1415876335
