Type,Size,Cores,Points,Time,Pi
strong,big,10,60000000000,77.623097,3.1415879461
