Type,Size,Cores,Points,Time,Pi
strong,big,8,60000000000,96.814615,3.1415871113
