Type,Size,Cores,Points,Time,Pi
strong,big,7,60000000000,110.612145,3.1415869468
