Type,Size,Cores,Points,Time,Pi
strong,big,6,60000000000,129.261894,3.1415876757
