Type,Size,Cores,Points,Time,Pi
strong,big,10,60000000000,77.401599,3.1415881965
