Type,Size,Cores,Points,Time,Pi
strong,big,12,60000000000,64.922201,3.1415864244
