Type,Size,Cores,Points,Time,Pi
strong,big,3,60000000000,258.556403,3.1415874471
