Type,Size,Cores,Points,Time,Pi
weak,big,11,5500000000,6.491519,3.1415915593
