Type,Size,Cores,Points,Time,Pi
weak,big,12,6000000000,6.529421,3.1415852353
