Type,Size,Cores,Points,Time,Pi
weak,big,10,5000000000,6.449249,3.1415913912
