Type,Size,Cores,Points,Time,Pi
strong,big,5,60000000000,154.981817,3.1415874744
