Type,Size,Cores,Points,Time,Pi
strong,big,1,60000000000,775.640078,3.1415871893
