Type,Size,Cores,Points,Time,Pi
strong,big,8,60000000000,96.760486,3.1415878695
