Type,Size,Cores,Points,Time,Pi
strong,big,8,60000000000,96.799726,3.1415875415
