Type,Size,Cores,Points,Time,Pi
strong,big,5,60000000000,155.118772,3.1415874391
