Type,Size,Cores,Points,Time,Pi
strong,big,11,60000000000,74.674608,3.1415880985
