Type,Size,Cores,Points,Time,Pi
strong,big,11,60000000000,70.539897,3.1415875168
