Type,Size,Cores,Points,Time,Pi
strong,big,7,60000000000,115.029546,3.1415876892
