Type,Size,Cores,Points,Time,Pi
strong,big,9,60000000000,86.095611,3.1415878763
