Type,Size,Cores,Points,Time,Pi
strong,big,2,60000000000,386.759264,3.1415876639
