Type,Size,Cores,Points,Time,Pi
strong,big,2,60000000000,387.138281,3.1415877140
