Type,Size,Cores,Points,Time,Pi
strong,big,7,60000000000,110.807363,3.1415878502
