Type,Size,Cores,Points,Time,Pi
strong,big,1,60000000000,774.073419,3.1415880559
