Type,Size,Cores,Points,Time,Pi
strong,big,12,60000000000,67.291927,3.1415874120
