Type,Size,Cores,Points,Time,Pi
strong,big,6,60000000000,128.893806,3.1415876208
