Type,Size,Cores,Points,Time,Pi
strong,big,9,60000000000,86.508127,3.1415873985
