Type,Size,Cores,Points,Time,Pi
strong,big,3,60000000000,261.191004,3.1415877583
