Type,Size,Cores,Points,Time,Pi
strong,big,11,60000000000,70.556123,3.1415880713
