Type,Size,Cores,Points,Time,Pi
strong,big,4,60000000000,193.537446,3.1415876897
