Type,Size,Cores,Points,Time,Pi
strong,big,10,60000000000,77.388929,3.1415874808
