Type,Size,Cores,Points,Time,Pi
strong,big,12,60000000000,64.729172,3.1415883317
