Type,Size,Cores,Points,Time,Pi
strong,big,12,60000000000,65.242693,3.1415878899
