Type,Size,Cores,Points,Time,Pi
strong,big,11,60000000000,70.707698,3.1415883940
