Type,Size,Cores,Points,Time,Pi
strong,big,8,60000000000,101.919421,3.1415877779
