Type,Size,Cores,Points,Time,Pi
strong,big,9,60000000000,86.005183,3.1415873085
