Type,Size,Cores,Points,Time,Pi
strong,big,12,60000000000,64.790382,3.1415876437
