Type,Size,Cores,Points,Time,Pi
strong,big,10,60000000000,77.483592,3.1415878667
