Type,Size,Cores,Points,Time,Pi
strong,big,5,60000000000,155.294521,3.1415878343
