Type,Size,Cores,Points,Time,Pi
strong,big,6,60000000000,128.845108,3.1415876887
