Type,Size,Cores,Points,Time,Pi
strong,big,11,60000000000,72.374185,3.1415880211
