Type,Size,Cores,Points,Time,Pi
strong,big,3,60000000000,259.609720,3.1415877876
