Type,Size,Cores,Points,Time,Pi
strong,big,5,60000000000,157.302652,3.1415878818
