Type,Size,Cores,Points,Time,Pi
strong,big,8,60000000000,97.119354,3.1415873869
