Type,Size,Cores,Points,Time,Pi
weak,big,12,60000000000,64.784361,3.1415880530
