Type,Size,Cores,Points,Time,Pi
weak,big,8,40000000000,64.651076,3.1415882774
