Type,Size,Cores,Points,Time,Pi
weak,big,12,60000000000,67.075418,3.1415881607
