Type,Size,Cores,Points,Time,Pi
weak,big,7,35000000000,64.634682,3.1415874745
