Type,Size,Cores,Points,Time,Pi
weak,big,7,35000000000,64.644468,3.1415878046
