Type,Size,Cores,Points,Time,Pi
weak,big,2,10000000000,64.523041,3.1415872716
