Type,Size,Cores,Points,Time,Pi
weak,big,6,30000000000,64.551710,3.1415880388
