Type,Size,Cores,Points,Time,Pi
weak,big,3,15000000000,64.411111,3.1415879776
