Type,Size,Cores,Points,Time,Pi
weak,big,8,40000000000,64.565761,3.1415876000
