Type,Size,Cores,Points,Time,Pi
weak,big,6,30000000000,64.543146,3.1415876989
