Type,Size,Cores,Points,Time,Pi
weak,big,10,50000000000,64.607865,3.1415878221
