Type,Size,Cores,Points,Time,Pi
weak,big,2,10000000000,64.427629,3.1415886684
