Type,Size,Cores,Points,Time,Pi
weak,big,6,30000000000,64.547796,3.1415873945
