Type,Size,Cores,Points,Time,Pi
weak,big,7,35000000000,64.571526,3.1415888671
