Type,Size,Cores,Points,Time,Pi
weak,big,5,25000000000,64.587543,3.1415880768
