Type,Size,Cores,Points,Time,Pi
weak,big,6,30000000000,64.723197,3.1415871375
