Type,Size,Cores,Points,Time,Pi
weak,big,9,45000000000,64.669746,3.1415872459
