Type,Size,Cores,Points,Time,Pi
weak,big,3,15000000000,64.467926,3.1415880424
