Type,Size,Cores,Points,Time,Pi
weak,big,4,20000000000,64.536089,3.1415882426
