Type,Size,Cores,Points,Time,Pi
weak,big,10,50000000000,64.696254,3.1415876893
