Type,Size,Cores,Points,Time,Pi
weak,big,12,60000000000,64.783726,3.1415879940
