Type,Size,Cores,Points,Time,Pi
weak,big,1,5000000000,64.568301,3.1415889240
