Type,Size,Cores,Points,Time,Pi
weak,big,3,15000000000,64.615434,3.1415865472
