Type,Size,Cores,Points,Time,Pi
weak,big,4,20000000000,65.109520,3.1415881632
