Type,Size,Cores,Points,Time,Pi
weak,big,9,45000000000,64.566816,3.1415868926
