Type,Size,Cores,Points,Time,Pi
weak,big,11,55000000000,64.522486,3.1415878940
