Type,Size,Cores,Points,Time,Pi
weak,big,11,55000000000,64.650593,3.1415879073
