Type,Size,Cores,Points,Time,Pi
weak,big,5,25000000000,64.436618,3.1415876648
