Type,Size,Cores,Points,Time,Pi
weak,big,5,25000000000,64.738613,3.1415877237
