Type,Size,Cores,Points,Time,Pi
weak,big,7,35000000000,66.443511,3.1415876067
