Type,Size,Cores,Points,Time,Pi
weak,big,5,25000000000,64.636273,3.1415878234
