Type,Size,Cores,Points,Time,Pi
weak,big,7,35000000000,64.518546,3.1415879430
