Type,Size,Cores,Points,Time,Pi
weak,big,4,20000000000,64.487500,3.1415875712
