Type,Size,Cores,Points,Time,Pi
weak,big,10,50000000000,64.927705,3.1415878618
