Type,Size,Cores,Points,Time,Pi
weak,big,1,5000000000,64.561970,3.1415859264
