Type,Size,Cores,Points,Time,Pi
weak,big,10,50000000000,64.854078,3.1415877141
