Type,Size,Cores,Points,Time,Pi
weak,big,10,50000000000,64.813834,3.1415873601
