Type,Size,Cores,Points,Time,Pi
weak,big,4,20000000000,64.523677,3.1415870578
