Type,Size,Cores,Points,Time,Pi
weak,big,12,60000000000,65.649980,3.1415883001
