Type,Size,Cores,Points,Time,Pi
weak,big,4,20000000000,64.645164,3.1415874024
