Type,Size,Cores,Points,Time,Pi
weak,big,3,15000000000,64.695510,3.1415855163
