Type,Size,Cores,Points,Time,Pi
weak,big,11,55000000000,64.612629,3.1415879491
