Type,Size,Cores,Points,Time,Pi
weak,big,11,55000000000,65.500320,3.1415875803
