Type,Size,Cores,Points,Time,Pi
weak,big,9,45000000000,64.512702,3.1415872740
