Type,Size,Cores,Points,Time,Pi
weak,big,5,25000000000,65.454159,3.1415882210
