Type,Size,Cores,Points,Time,Pi
weak,big,11,55000000000,64.856347,3.1415873435
