Type,Size,Cores,Points,Time,Pi
weak,big,9,45000000000,64.770173,3.1415871783
