Type,Size,Cores,Points,Time,Pi
weak,big,3,15000000000,64.534492,3.1415875357
