Type,Size,Cores,Points,Time,Pi
weak,big,2,10000000000,65.207315,3.1415861836
