Type,Size,Cores,Points,Time,Pi
weak,big,8,40000000000,68.474113,3.1415880412
