Type,Size,Cores,Points,Time,Pi
weak,big,9,45000000000,67.280092,3.1415871132
