Type,Size,Cores,Points,Time,Pi
weak,big,6,30000000000,66.724677,3.1415876420
