Type,Size,Cores,Points,Time,Pi
weak,big,2,10000000000,64.690631,3.1415870960
