Type,Size,Cores,Points,Time,Pi
weak,big,1,5000000000,64.805127,3.1415884328
