Type,Size,Cores,Points,Time,Pi
weak,big,12,60000000000,65.421035,3.1415884850
