Type,Size,Cores,Points,Time,Pi
weak,big,8,40000000000,64.656820,3.1415879011
